title,year,genres,avg_rating,num_votes
tt0816692,2014,"Adventure,Drama,Sci-Fi",8.6,1535200
tt2015381,2014,"Action,Adventure,Comedy",8.0,1053590
tt1431045,2016,"Action,Adventure,Comedy",8.0,912240
tt1392190,2015,"Action,Adventure,Sci-Fi",8.1,891915
tt2267998,2014,"Drama,Mystery,Thriller",8.1,871901
tt2488496,2015,"Action,Adventure,Sci-Fi",7.9,866168
tt3659388,2015,"Adventure,Drama,Sci-Fi",8.0,767938
tt2395427,2015,"Action,Adventure,Sci-Fi",7.3,757495
tt1843866,2014,"Action,Adventure,Sci-Fi",7.7,745450
tt2582802,2014,"Drama,Music",8.5,728128
tt2278388,2014,"Adventure,Comedy,Crime",8.1,717572
tt1663202,2015,"Action,Adventure,Drama",8.0,713830
tt2084970,2014,"Biography,Drama,Thriller",8.0,692359
tt3498820,2016,"Action,Adventure,Sci-Fi",7.8,674060
tt1877832,2014,"Action,Adventure,Sci-Fi",7.9,664666
tt2975590,2016,"Action,Adventure,Sci-Fi",6.4,639150
tt2096673,2015,"Adventure,Animation,Comedy",8.1,624945
tt1386697,2016,"Action,Adventure,Fantasy",6.0,609436
tt1211837,2016,"Action,Adventure,Fantasy",7.5,608169
tt1631867,2014,"Action,Adventure,Sci-Fi",7.9,605200
tt2543164,2016,"Drama,Sci-Fi",7.9,602283
tt2802144,2014,"Action,Adventure,Comedy",7.7,595021
tt2562232,2014,"Comedy,Drama",7.7,585088
tt0369610,2015,"Action,Adventure,Sci-Fi",7.0,583299
tt0478970,2015,"Action,Adventure,Comedy",7.3,578427
tt3748528,2016,"Action,Adventure,Sci-Fi",7.8,561891
tt2911666,2014,"Action,Crime,Thriller",7.4,545700
tt3460252,2015,"Crime,Drama,Mystery",7.8,524222
tt3783958,2016,"Comedy,Drama,Music",8.0,513052
tt2310332,2014,"Adventure,Fantasy",7.4,478962
tt0470752,2014,"Drama,Sci-Fi,Thriller",7.7,478636
tt2872718,2014,"Crime,Drama,Thriller",7.9,473155
tt2872732,2014,"Action,Sci-Fi,Thriller",6.4,450918
tt2179136,2014,"Action,Biography,Drama",7.3,443308
tt2119532,2016,"Biography,Drama,History",8.1,442983
tt2948356,2016,"Adventure,Animation,Comedy",8.0,438946
tt4972582,2016,"Horror,Thriller",7.3,432110
tt2713180,2014,"Action,Drama,War",7.6,431595
tt1840309,2014,"Action,Adventure,Mystery",6.6,428626
tt1895587,2015,"Biography,Crime,Drama",8.1,425614
tt1790864,2014,"Action,Mystery,Sci-Fi",6.8,421854
tt1872181,2014,"Action,Adventure,Fantasy",6.6,420108
tt1951265,2014,"Action,Adventure,Sci-Fi",6.6,417104
tt2245084,2014,"Action,Adventure,Animation",7.8,414676
tt3183660,2016,"Adventure,Family,Fantasy",7.3,414599
tt2103281,2014,"Action,Adventure,Drama",7.6,413618
tt2980516,2014,"Biography,Drama,Romance",7.7,408659
tt3385516,2016,"Action,Adventure,Sci-Fi",6.9,397453
tt2379713,2015,"Action,Adventure,Thriller",6.8,387309
tt0831387,2014,"Action,Adventure,Sci-Fi",6.4,381441
tt3170832,2015,"Drama,Thriller",8.1,376743
tt3397884,2015,"Action,Crime,Drama",7.6,375815
tt1596363,2015,"Biography,Comedy,Drama",7.8,370811
tt2820852,2015,"Action,Adventure,Thriller",7.1,361802
tt1355644,2016,"Drama,Romance,Sci-Fi",7.0,353883
tt2294449,2014,"Action,Comedy,Crime",7.0,348063
tt2582846,2014,"Drama,Romance",7.7,346898
tt1587310,2014,"Action,Adventure,Family",7.0,346800
tt2381249,2015,"Action,Adventure,Thriller",7.4,344630
tt0455944,2014,"Action,Crime,Thriller",7.2,337373
tt1065073,2014,Drama,7.9,337300
tt1490017,2014,"Action,Adventure,Animation",7.7,325636
tt2788710,2014,"Action,Adventure,Comedy",6.5,308135
tt1646971,2014,"Action,Adventure,Animation",7.8,308031
tt2322441,2015,"Drama,Romance,Thriller",4.1,299450
tt2109248,2014,"Action,Adventure,Sci-Fi",5.6,299215
tt1179933,2016,"Action,Drama,Horror",7.2,293435
tt3682448,2015,"Drama,History,Thriller",7.6,290384
tt1951266,2015,"Action,Adventure,Sci-Fi",6.6,289948
tt2004420,2014,Comedy,6.3,289125
tt3799694,2016,"Action,Comedy,Crime",7.4,284483
tt1253863,2014,"Action,Drama",6.2,282485
tt1638355,2015,"Action,Adventure,Comedy",7.3,278287
tt3521164,2016,"Adventure,Animation,Comedy",7.6,277531
tt4975722,2016,Drama,7.4,277391
tt2140479,2016,"Action,Crime,Drama",7.3,263555
tt1340138,2015,"Action,Adventure,Sci-Fi",6.3,261208
tt3040964,2016,"Adventure,Drama,Family",7.4,260543
tt2397535,2014,"Action,Drama,Sci-Fi",7.5,255365
tt3110958,2016,"Action,Adventure,Comedy",6.5,252322
tt2024469,2014,"Action,Mystery,Thriller",6.9,251451
tt4034228,2016,Drama,7.8,250488
tt3076658,2015,"Drama,Sport",7.6,249666
tt1959490,2014,"Action,Adventure,Drama",5.7,244326
tt2277860,2016,"Adventure,Animation,Comedy",7.3,243523
tt0803096,2016,"Action,Adventure,Fantasy",6.8,243124
tt4550098,2016,"Drama,Thriller",7.5,242459
tt3263904,2016,"Biography,Drama",7.4,241479
tt3079380,2015,"Action,Comedy",7.0,231289
tt1823672,2015,"Action,Crime,Drama",6.8,231082
tt2660888,2016,"Action,Adventure,Sci-Fi",7.1,230096
tt3065204,2016,"Horror,Mystery,Thriller",7.3,228240
tt4160708,2016,"Crime,Horror,Thriller",7.1,225249
tt4046784,2015,"Action,Adventure,Sci-Fi",6.3,224636
tt2361509,2015,"Comedy,Drama",7.1,224018
tt3464902,2015,"Comedy,Drama,Romance",7.2,223017
tt2381941,2015,"Comedy,Crime,Drama",6.6,221471
tt1798684,2015,"Action,Drama,Sport",7.4,219711
tt2908446,2015,"Action,Adventure,Sci-Fi",6.2,219624
tt2209764,2014,"Action,Drama,Sci-Fi",6.3,217935
tt1234721,2014,"Action,Crime,Sci-Fi",6.1,217136
tt3741834,2016,"Biography,Drama",8.0,216653
tt2126355,2015,"Action,Adventure,Thriller",6.1,214826
tt2293640,2015,"Adventure,Animation,Comedy",6.4,213820
tt3235888,2014,"Horror,Mystery,Thriller",6.8,212556
tt2674426,2016,"Drama,Romance",7.4,212283
tt4196776,2016,"Action,Thriller",6.6,210148
tt4263482,2015,"Drama,Horror,Mystery",6.9,208441
tt2582782,2016,"Action,Crime,Drama",7.6,206311
tt1289401,2016,"Action,Comedy,Fantasy",6.6,205698
tt4846340,2016,"Biography,Drama,History",7.8,203916
tt1291150,2014,"Action,Adventure,Comedy",5.8,201795
tt5311514,2016,"Animation,Drama,Fantasy",8.4,201783
tt2321549,2014,"Drama,Horror,Mystery",6.8,198984
tt2719848,2015,"Action,Adventure,Biography",7.1,198885
tt2883512,2014,"Adventure,Comedy,Drama",7.3,198597
tt3553976,2016,"Comedy,Drama",7.9,193696
tt2094766,2016,"Action,Adventure,Sci-Fi",5.7,187318
tt2637276,2015,Comedy,6.3,187218
tt2404435,2016,"Action,Adventure,Western",6.9,186713
tt2709768,2016,"Adventure,Animation,Comedy",6.5,184384
tt2005151,2016,"Biography,Comedy,Crime",7.1,182615
tt0829150,2014,"Action,Drama,Fantasy",6.3,181320
tt1398426,2015,"Biography,Drama,History",7.8,180506
tt1872194,2014,"Crime,Drama",7.4,180323
tt2446042,2014,"Action,Thriller",6.0,180301
tt1617661,2015,"Action,Adventure,Sci-Fi",5.3,179971
tt3011894,2014,"Comedy,Drama,Thriller",8.1,179617
tt2557490,2014,"Comedy,Western",6.1,178377
tt1700841,2016,"Adventure,Animation,Comedy",6.1,177463
tt1964418,2015,"Action,Adventure,Family",6.4,173204
tt4776998,2016,"Action,Adventure,Drama",6.4,173157
tt3631112,2016,"Crime,Drama,Mystery",6.5,171386
tt2333784,2014,"Action,Adventure,Thriller",6.1,170536
tt5700672,2016,"Action,Horror,Thriller",7.6,170243
tt1355683,2015,"Biography,Crime,Drama",6.9,169083
tt1628841,2016,"Action,Adventure,Sci-Fi",5.2,168007
tt0810819,2015,"Biography,Drama,Romance",7.1,166118
tt2338151,2014,"Comedy,Drama,Musical",8.1,164721
tt0918940,2016,"Action,Adventure,Drama",6.2,164451
tt2369135,2014,"Action,Thriller",6.4,163617
tt1661199,2015,"Drama,Family,Fantasy",6.9,162408
tt3062096,2016,"Action,Adventure,Crime",6.2,161568
tt1489889,2016,"Action,Comedy,Crime",6.3,161351
tt3569230,2015,"Biography,Crime,Drama",6.9,160656
tt1528100,2014,"Action,Adventure,Drama",6.0,160340
tt2170439,2014,"Comedy,Crime",6.3,159601
tt5074352,2016,"Action,Biography,Drama",8.4,159521
tt3416742,2014,"Comedy,Horror",7.7,159497
tt1935859,2016,"Adventure,Drama,Family",6.7,157197
tt1655441,2015,"Drama,Fantasy,Romance",7.2,156484
tt2080374,2015,"Biography,Drama",7.2,155743
tt1502712,2015,"Action,Adventure,Sci-Fi",4.3,153821
tt1860357,2016,"Action,Drama,History",7.1,153599
tt0458481,2014,"Action,Crime,Thriller",6.5,153457
tt1809398,2014,"Action,Biography,Drama",7.2,151199
tt4857264,2016,"Crime,Drama,Mystery",8.1,147841
tt1267297,2014,"Action,Adventure,Fantasy",6.0,146957
tt3300542,2016,"Action,Thriller",5.9,146794
tt1600196,2014,"Crime,Drama,Thriller",7.1,143995
tt2848292,2015,"Comedy,Music",6.4,143328
tt3640424,2016,"Action,Drama,Romance",7.1,143156
tt3322940,2014,"Horror,Mystery,Thriller",5.4,142435
tt4178092,2015,"Drama,Mystery,Thriller",7.0,141871
tt3393786,2016,"Action,Thriller",6.1,140609
tt3774114,2016,"Biography,Crime,Drama",7.3,139825
tt2975578,2014,"Action,Horror,Sci-Fi",6.4,139511
tt2267968,2016,"Action,Adventure,Animation",7.1,136324
tt3470600,2016,"Animation,Comedy,Family",7.1,135648
tt1100089,2014,"Biography,Drama,History",7.0,135277
tt2180411,2014,"Adventure,Comedy,Drama",5.9,133487
tt2120120,2015,"Action,Comedy,Fantasy",5.5,133053
tt2381111,2015,"Drama,Romance",7.5,132552
tt2203939,2014,"Comedy,Romance",6.0,131735
tt2554274,2015,"Drama,Fantasy,Horror",6.5,131409
tt3152624,2015,"Comedy,Drama,Romance",6.2,129962
tt2096672,2014,Comedy,5.6,129674
tt2446980,2015,"Biography,Drama",6.6,129188
tt4276820,2016,"Biography,Drama",7.2,128482
tt1924435,2014,"Action,Comedy,Crime",6.4,127750
tt3316960,2014,Drama,7.5,127366
tt2034800,2016,"Action,Adventure,Fantasy",5.9,126277
tt2177771,2014,"Comedy,Drama,History",6.1,125415
tt0475290,2016,"Comedy,Drama,Music",6.3,125245
tt1390411,2015,"Action,Adventure,Biography",6.9,125107
tt2561572,2015,"Comedy,Crime",6.0,124366
tt2582496,2015,"Comedy,Drama",7.7,124243
tt1638002,2014,"Comedy,Romance",7.2,123905
tt1205537,2014,"Action,Drama,Thriller",6.2,123891
tt2305051,2014,"Adventure,Biography,Drama",7.1,121595
tt4172430,2016,"Action,Drama,History",7.3,121302
tt4052882,2016,"Action,Drama,Horror",6.3,121239
tt1086772,2014,"Comedy,Romance",6.5,121009
tt3488710,2015,"Action,Adventure,Biography",7.3,120889
tt4302938,2016,"Action,Adventure,Animation",7.8,119067
tt2402927,2015,"Drama,Romance",7.2,117379
tt3531824,2016,"Action,Adventure,Crime",6.5,117271
tt4016934,2016,"Drama,Romance,Thriller",8.1,117184
tt2884206,2014,"Drama,Mystery,Romance",7.4,116780
tt1355630,2014,"Drama,Fantasy,Music",6.7,116595
tt4786282,2016,"Drama,Horror,Mystery",6.3,116109
tt4651520,2016,Comedy,6.2,115279
tt3567288,2015,"Horror,Mystery,Thriller",6.2,115109
tt2265171,2014,"Action,Crime,Thriller",8.0,115065
tt1860213,2016,Comedy,5.9,114620
tt4438848,2016,Comedy,5.7,114610
tt4698684,2016,"Adventure,Comedy,Drama",7.9,113607
tt0365907,2014,"Action,Crime,Drama",6.5,113327
tt0435651,2014,"Drama,Romance,Sci-Fi",6.5,112687
tt3410834,2016,"Action,Adventure,Mystery",5.7,110522
tt1528854,2015,"Comedy,Family",6.2,109897
tt2510894,2015,"Animation,Comedy,Family",6.7,109116
tt4062536,2015,"Horror,Thriller",7.0,109103
tt2692250,2014,"Adventure,Comedy,Family",6.2,108431
tt1956620,2014,"Comedy,Romance",5.1,108039
tt2503944,2015,"Comedy,Drama",6.6,107863
tt2404233,2016,"Action,Adventure,Fantasy",5.4,107426
tt4034354,2016,"Comedy,Drama,Fantasy",7.0,107168
tt1921064,2014,"Action,Adventure,Drama",5.5,106922
tt5022702,2016,"Horror,Thriller",6.6,106135
tt1878870,2016,"Comedy,Drama",7.3,106032
tt5813916,2016,"Action,Drama,War",8.8,105551
tt1408253,2014,"Action,Comedy,Crime",6.2,104161
tt2631186,2015,"Action,Adventure,Drama",8.0,103874
tt1979388,2015,"Adventure,Animation,Comedy",6.7,103276
tt2199571,2015,"Action,Crime,Thriller",6.6,102877
tt4501244,2016,Comedy,6.2,102470
tt0490215,2016,"Drama,History",7.2,101496
tt2304933,2016,"Action,Adventure,Sci-Fi",5.2,101460
tt1524930,2015,"Adventure,Comedy",6.1,100917
tt3289956,2016,"Horror,Mystery,Thriller",6.8,100824
tt1109624,2014,"Adventure,Animation,Comedy",7.2,99737
tt2671706,2016,Drama,7.2,99332
tt2381991,2016,"Action,Adventure,Drama",6.1,98949
tt1800246,2014,"Comedy,Romance",6.2,98352
tt2170593,2014,"Comedy,Drama",7.2,96716
tt1618442,2015,"Action,Adventure,Fantasy",6.0,96103
tt3622592,2015,"Adventure,Comedy,Drama",6.3,95981
tt2400463,2015,"Drama,Mystery,Thriller",6.6,95919
tt1791528,2014,"Comedy,Crime,Drama",6.7,95788
tt2241351,2016,"Crime,Drama,Mystery",6.5,95262
tt2567026,2016,"Adventure,Family,Fantasy",6.2,95207
tt3195644,2015,"Horror,Mystery,Thriller",6.1,94719
tt3381008,2016,"Action,Adventure,Comedy",6.2,94077
tt4572514,2016,"Action,Crime,Drama",7.4,93471
tt4682786,2016,"Drama,Romance",6.8,92701
tt2980592,2014,"Action,Mystery,Thriller",6.7,92645
tt2224026,2015,"Adventure,Animation,Comedy",6.6,92600
tt2140379,2015,"Action,Mystery,Sci-Fi",6.5,91276
tt1172049,2015,"Comedy,Drama",7.0,90833
tt4094724,2016,"Action,Horror,Sci-Fi",6.0,90783
tt2172934,2014,"Action,Drama,Thriller",6.2,88440
tt4731136,2016,"Drama,Fantasy,Horror",6.4,88213
tt2494362,2015,"Drama,Horror,Western",7.1,87990
tt3322364,2015,"Biography,Drama,Sport",7.2,87985
tt3072482,2015,"Action,Adventure,Sci-Fi",6.7,87404
tt1020072,2014,"Biography,Drama,History",7.5,87155
tt1126590,2014,"Biography,Crime,Drama",7.0,86679
tt1083452,2015,"Biography,Comedy,Drama",7.4,86615
tt3544112,2016,"Comedy,Drama,Music",7.9,86045
tt2679042,2015,"Action,Crime,Thriller",5.7,86029
tt1974419,2016,"Horror,Thriller",6.2,85350
tt3316948,2015,"Action,Comedy",6.1,85316
tt3949660,2016,"Action,Adventure,Comedy",6.0,85190
tt3605418,2015,"Drama,Thriller",4.9,85028
tt2592614,2016,"Action,Horror,Sci-Fi",5.5,84968
tt1666801,2015,"Comedy,Romance",6.5,84726
tt2823054,2016,"Comedy,Romance",6.0,83226
tt3416532,2016,"Adventure,Drama,Family",7.5,82006
tt1292566,2016,"Comedy,Drama,Romance",6.1,81641
tt1212428,2016,"Biography,Drama",6.6,81537
tt1051904,2015,"Adventure,Animation,Comedy",6.3,81508
tt3882082,2016,"Horror,Mystery,Thriller",6.0,81353
tt1985949,2016,"Action,Adventure,Animation",6.3,81159
tt2357291,2014,"Adventure,Animation,Comedy",6.3,81127
tt3850214,2015,"Adventure,Comedy,Crime",7.2,81101
tt1911658,2014,"Adventure,Animation,Comedy",6.7,80187
tt2057392,2015,"Action,Drama,Thriller",7.3,80067
tt1781922,2015,"Action,Thriller",6.8,79587
tt2870612,2014,"Horror,Mystery,Thriller",6.2,79437
tt1418377,2014,"Action,Fantasy,Sci-Fi",5.1,78529
tt3691740,2016,"Adventure,Family,Fantasy",6.4,78467
tt2980648,2014,"Comedy,Drama",7.3,77476
tt3522806,2016,"Action,Adventure,Crime",5.7,77440
tt2726560,2015,"Drama,Romance",7.1,77341
tt3203606,2015,"Biography,Crime,Drama",7.5,77208
tt2436386,2015,"Drama,Mystery,Sci-Fi",6.4,76643
tt1674771,2015,"Comedy,Drama",6.6,76533
tt2649554,2016,"Drama,Mystery,Sci-Fi",6.6,76446
tt1605717,2014,"Comedy,Drama,Music",7.0,75406
tt1365050,2015,"Drama,War",7.7,74753
tt1371150,2014,"Comedy,Drama",6.6,74055
tt1619029,2016,"Biography,Drama,History",6.7,73491
tt1679335,2016,"Adventure,Animation,Comedy",6.5,73154
tt1726592,2014,"Drama,Mystery,Thriller",6.4,73001
tt3863552,2015,"Action,Adventure,Comedy",8.0,72939
tt1972571,2014,"Crime,Drama,Thriller",6.8,72837
tt3312830,2015,"Comedy,Drama,Music",7.3,72579
tt1121096,2014,"Action,Adventure,Fantasy",5.5,72399
tt4430212,2015,"Crime,Drama,Mystery",8.2,72076
tt4513674,2016,"Comedy,Drama,Romance",6.6,72011
tt2377322,2014,"Action,Biography,Crime",6.2,71992
tt3007512,2014,"Drama,History,War",7.0,71977
tt5247022,2016,"Comedy,Drama,Romance",7.4,71625
tt0884732,2015,Comedy,6.6,71404
tt1711525,2016,Comedy,5.9,71354
tt3717252,2016,"Action,Adventure,Fantasy",5.8,70449
tt1473832,2016,"Comedy,Drama,Romance",6.5,69484
tt1355631,2016,"Biography,Crime,Drama",7.0,69365
tt3713166,2014,"Horror,Mystery,Thriller",5.5,69206
tt3045616,2015,"Action,Adventure,Comedy",5.5,68243
tt1712261,2016,"Action,Crime,Thriller",6.3,67568
tt3530002,2015,"Comedy,Fantasy",6.4,67389
tt2937898,2014,"Action,Crime,Drama",7.0,67372
tt1972779,2014,"Drama,Romance",6.7,66970
tt2401878,2015,"Animation,Comedy,Drama",7.3,66908
tt1014763,2015,"Crime,Drama,History",6.5,66657
tt2039393,2014,"Crime,Drama,Thriller",6.1,66622
tt2140619,2014,"Comedy,Romance",6.4,65908
tt2106361,2014,"Action,Adventure,Drama",5.8,65353
tt4540710,2016,Drama,7.5,65345
tt1608290,2016,"Action,Adventure,Comedy",4.7,65326
tt2262227,2014,"Adventure,Animation,Comedy",7.3,65311
tt3850590,2015,"Comedy,Drama,Fantasy",6.2,64830
tt2870756,2014,"Comedy,Drama,Romance",6.5,64553
tt2273657,2015,"Biography,Crime,Drama",6.3,64499
tt2402157,2014,"Action,Thriller",6.3,63913
tt1850457,2015,Comedy,6.0,63123
tt0864835,2014,"Adventure,Animation,Comedy",6.8,63114
tt1243974,2015,"Comedy,Drama,Romance",5.4,63081
tt2910814,2014,"Drama,Mystery,Sci-Fi",6.1,63064
tt2025690,2016,"Action,Drama,History",6.8,62480
tt2452386,2016,"Comedy,Drama",7.3,62019
tt3168230,2015,"Drama,Mystery",6.9,61916
tt3716530,2016,"Crime,Drama,Thriller",7.1,61674
tt4954522,2016,"Drama,Fantasy,Horror",7.0,61335
tt3332064,2015,"Adventure,Comedy,Family",5.7,60867
tt3014866,2016,"Action,Sci-Fi,Thriller",6.3,60346
tt3647498,2016,"Action,Crime,Drama",6.4,60206
tt1742334,2014,"Action,Crime,Drama",5.7,59885
tt4680182,2016,"Action,Comedy,Drama",6.2,59674
tt3715320,2015,"Comedy,Drama,Romance",6.6,59333
tt2058673,2015,"Action,Adventure,Crime",5.4,59025
tt2387499,2016,"Action,Comedy",5.9,58274
tt1800302,2016,"Adventure,Crime,Drama",6.7,58184
tt4901306,2016,"Comedy,Drama",7.8,58076
tt3416828,2016,"Adventure,Animation,Comedy",5.7,57924
tt2574698,2014,"Action,Drama,Romance",2.4,57875
tt1754656,2015,"Adventure,Animation,Drama",7.7,57289
tt1291570,2015,"Crime,Drama,Mystery",6.4,56865
tt4624424,2016,"Adventure,Animation,Comedy",6.8,56657
tt2234003,2014,"Comedy,Drama,Mystery",7.4,56355
tt3960412,2016,"Comedy,Music",6.7,55449
tt4547056,2016,"Action,Adventure,Drama",6.6,55388
tt1029360,2015,"Horror,Thriller",4.9,55213
tt2223990,2014,"Drama,Sport",6.8,55191
tt2910904,2015,"Comedy,Drama",7.1,54795
tt1971325,2014,"Action,Drama,Sci-Fi",6.1,54704
tt0787474,2014,"Adventure,Animation,Comedy",6.8,54668
tt5168192,2016,Drama,7.9,54585
tt4361050,2016,"Drama,Horror,Mystery",6.1,54553
tt2788732,2016,"Action,Adventure,Comedy",6.7,54491
tt2404425,2015,"Biography,Drama,History",7.3,54399
tt2869728,2016,"Action,Comedy,Crime",5.9,53801
tt1567437,2014,"Comedy,Crime,Fantasy",6.4,53740
tt4226388,2015,"Crime,Drama,Romance",7.6,53638
tt2106651,2016,"Action,Adventure,Sci-Fi",6.3,53358
tt1124037,2016,"Action,Biography,Drama",6.9,53303
tt5215952,2016,"Horror,Mystery,Thriller",7.5,53283
tt2884018,2015,"Drama,History,War",6.6,53215
tt4387040,2016,"Drama,History",8.0,53099
tt3848892,2015,"Action,Thriller",8.0,53091
tt0443465,2014,"Comedy,Drama,Romance",6.8,52927
tt1976009,2015,"Drama,Horror,Sci-Fi",6.0,52866
tt4044364,2014,"Biography,Documentary,History",8.0,52852
tt1043726,2014,"Action,Adventure,Fantasy",4.2,52762
tt3203616,2014,"Comedy,Drama,Fantasy",5.8,52723
tt2547584,2016,"Drama,Romance",7.2,52700
tt2361317,2016,"Action,Crime,Drama",6.4,52668
tt2268016,2015,"Comedy,Drama,Music",5.6,52659
tt1865505,2014,"Adventure,Animation,Drama",8.1,52619
tt1850397,2014,"Mystery,Romance,Thriller",6.3,52586
tt1837709,2014,"Drama,Fantasy,Mystery",6.2,52466
tt3169706,2014,"Biography,Comedy,Drama",7.8,52424
tt2717822,2015,"Action,Crime,Thriller",5.4,52400
tt1772264,2014,"Drama,Horror,Thriller",6.8,52257
tt2937696,2016,Comedy,6.9,52255
tt5186714,2016,Drama,7.8,52235
tt1374989,2016,"Action,Comedy,Fantasy",5.8,52136
tt1686821,2014,"Action,Comedy,Drama",5.5,52100
tt0787524,2015,"Biography,Drama",7.2,52039
tt2614684,2014,"Action,Crime,Drama",7.2,51699
tt2463288,2014,Comedy,6.0,51533
tt2231253,2015,"Action,Crime,Drama",5.6,51482
tt3612616,2014,Drama,8.1,51469
tt4136084,2016,"Biography,Comedy,Drama",6.8,51417
tt2461150,2016,"Biography,Comedy,Crime",5.8,51272
tt2091935,2015,"Action,Comedy,Romance",6.3,51130
tt5323662,2016,"Animation,Drama,Family",8.1,51103
tt3390572,2014,"Action,Crime,Drama",8.1,50703
tt2771372,2014,"Crime,Drama,Mystery",6.8,50573
tt4853102,2016,"Action,Animation,Crime",6.4,50322
tt3042408,2014,"Crime,Drama,Mystery",7.6,50171
tt2888046,2015,"Action,Biography,Drama",7.1,50044
tt3553442,2016,"Biography,Comedy,Drama",6.6,50010
tt2279373,2015,"Action,Adventure,Animation",6.0,50001
tt2121382,2014,"Comedy,Drama",7.3,49963
tt2802154,2014,"Crime,Drama",7.6,49879
tt3774694,2015,"Drama,Romance",6.1,49666
tt3064298,2015,"Comedy,Drama,Romance",6.8,49235
tt2752772,2015,"Horror,Mystery,Thriller",5.3,49105
tt2870648,2015,"Biography,Documentary,Music",7.8,49012
tt1204977,2014,"Horror,Mystery,Thriller",4.5,48924
tt2967224,2015,"Action,Comedy,Crime",5.2,48785
tt2103254,2014,"Comedy,Romance",4.9,48579
tt4005402,2015,"Biography,Drama,History",7.1,48394
tt4080728,2015,"Comedy,Drama,Romance",7.7,48237
tt1791682,2014,"Comedy,Drama,Mystery",6.3,47413
tt2758880,2014,Drama,8.1,47290
tt3099498,2014,"Comedy,Drama,Horror",5.3,47218
tt3118452,2015,"Drama,Horror,Mystery",6.0,45956
tt4139124,2016,"Action,Comedy,Crime",6.3,45893
tt1727776,2015,"Action,Comedy,Horror",6.3,45825
tt2935476,2015,"Drama,Romance",7.1,45768
tt1626146,2014,"Adventure,Comedy,Drama",7.0,45732
tt2737050,2014,Drama,7.3,45560
tt3808342,2015,"Drama,War",7.5,45559
tt2345737,2014,"Action,Crime,Drama",6.4,45139
tt3086442,2014,"Horror,Mystery,Thriller",6.7,45135
tt2479478,2015,"Action,Adventure,Comedy",4.8,44945
tt1082807,2016,"Horror,Thriller",6.1,44874
tt1216491,2014,"Biography,Crime,Drama",6.9,44800
tt4048272,2016,"Comedy,Drama",7.4,44777
tt1741273,2015,"Crime,Drama,Mystery",6.3,44445
tt4190530,2016,"Action,Biography,Drama",7.2,44425
tt1647668,2014,"Biography,Drama,Sport",7.0,43843
tt2428170,2014,"Horror,Thriller",6.3,43576
tt2375559,2014,"Action,Comedy,Romance",8.1,43264
tt3205376,2015,"Action,Adventure,Drama",6.9,43111
tt2702724,2016,Comedy,5.4,42984
tt4158096,2016,"Action,Comedy,Crime",6.4,42699
tt4781612,2016,"Biography,Crime,Drama",6.5,42690
tt2452042,2015,"Animation,Comedy,Family",7.1,42633
tt3495026,2016,"Action,Drama,Thriller",7.0,42470
tt2402101,2015,"Crime,Drama,Mystery",6.2,42439
tt4176826,2015,"Comedy,Drama,Fantasy",7.1,42315
tt1881002,2015,"Drama,Horror,Sci-Fi",5.6,42238
tt2669336,2014,"Horror,Sci-Fi,Thriller",6.5,42166
tt2034031,2014,"Comedy,Drama,Romance",6.4,42134
tt2638144,2016,"Action,Adventure,Drama",5.7,41925
tt1540011,2016,"Horror,Mystery,Thriller",5.0,41818
tt3097204,2014,Comedy,6.4,41500
tt1596345,2014,"Biography,Drama,Sport",7.0,41339
tt2918436,2015,"Horror,Mystery,Sci-Fi",5.2,41268
tt4769836,2016,"Action,Adventure,Comedy",5.7,41257
tt1698641,2014,"Comedy,Drama,Family",6.2,41189
tt4169250,2016,"Biography,Drama,Sport",7.8,40991
tt3165612,2015,"Comedy,Drama,Romance",6.5,40974
tt2980210,2016,"Comedy,Drama,Romance",6.1,40960
tt4385888,2016,"Comedy,Drama",7.3,40744
tt2528814,2014,Drama,4.7,40719
tt2493486,2015,"Action,Drama,History",6.2,40701
tt3174376,2016,"Drama,Fantasy,Horror",6.2,40656
tt2318092,2014,"Drama,Romance",6.3,40586
tt1571249,2014,"Comedy,Drama,Romance",6.8,40428
tt3387542,2016,"Horror,Mystery,Thriller",4.8,40279
tt1430612,2014,"Action,Crime,Thriller",5.7,40196
tt1727770,2015,"Comedy,Sci-Fi",6.0,40143
tt2473682,2014,"Horror,Mystery",5.0,40122
tt4520364,2016,"Action,Horror,Sci-Fi",5.8,40090
tt5571734,2016,"Drama,Thriller",8.1,39644
tt2994190,2014,"Drama,War",6.9,39546
tt2938956,2015,"Action,Adventure,Thriller",5.2,39488
tt2800240,2014,Comedy,7.0,39318
tt2515034,2015,"Action,Crime,Thriller",5.8,39184
tt2368619,2016,"Action,Crime,Drama",6.3,39163
tt3721936,2016,"Adventure,Drama,Romance",7.0,39008
tt3077214,2015,"Drama,History",6.9,38835
tt0462335,2015,"Drama,Sci-Fi",5.6,38499
tt2172584,2014,"Comedy,Drama",6.2,38421
tt3181822,2015,Thriller,4.7,38351
tt0420293,2015,"Biography,Drama,History",6.9,38265
tt4832640,2016,"Action,Drama,Sport",7.0,38115
tt2872750,2015,"Adventure,Animation,Comedy",7.3,37608
tt2467046,2014,"Action,Fantasy,Sci-Fi",3.1,37399
tt4573394,2014,"Documentary,History",6.2,37368
tt3319920,2015,"Crime,Drama,Mystery",5.7,37334
tt4257858,2015,Documentary,8.0,37253
tt2637294,2015,"Comedy,Mystery,Sci-Fi",5.1,37150
tt1895315,2016,"Drama,Mystery,Thriller",7.1,37041
tt2870708,2014,"Comedy,Drama",6.7,36846
tt4714782,2016,"Drama,Fantasy,Horror",6.1,36791
tt2720680,2014,"Action,Drama,Thriller",6.7,36506
tt0903657,2014,"Biography,Drama,Music",7.4,36477
tt3787590,2015,"Drama,Music,Romance",6.2,36393
tt5946128,2016,"Drama,Romance",7.6,36344
tt3841424,2015,"Drama,History,War",7.8,36324
tt2756032,2014,"Comedy,Drama,Romance",7.1,36243
tt3966404,2015,Drama,7.6,36198
tt2006295,2015,"Biography,Drama,History",6.9,36040
tt2097298,2015,"Biography,Drama,Sport",7.4,35731
tt3797868,2016,"Drama,Romance",6.6,35630
tt4191580,2016,"Comedy,Horror",4.8,35605
tt5640450,2016,"Action,Sci-Fi,Thriller",6.4,35551
tt3442006,2014,Drama,6.4,35488
tt2118624,2015,"Comedy,Drama,Fantasy",6.6,35399
tt3499096,2016,"Biography,Drama,Sport",7.1,35119
tt2261331,2014,"Adventure,Drama,Thriller",6.4,34957
tt3450650,2015,"Action,Comedy,Crime",4.4,34648
tt1823664,2014,"Comedy,Drama,Family",5.3,34454
tt2461132,2014,"Action,Comedy,Crime",5.0,34336
tt3616916,2015,"Drama,Thriller",6.7,34272
tt1179031,2014,"Crime,Thriller",6.8,34269
tt2059171,2014,"Horror,Thriller",6.3,34013
tt3398268,2014,"Animation,Drama,Family",7.7,33641
tt2275946,2014,"Action,Comedy,Crime",6.6,33398
tt4824302,2016,"Comedy,Drama,Romance",5.7,33295
tt3922798,2016,"Action,Drama,History",7.2,33126
tt1742044,2014,"Biography,Drama,Music",6.8,33120
tt2626350,2014,"Drama,Music,Romance",6.0,32676
tt4443658,2016,"Comedy,Horror,Thriller",6.5,32494
tt5895028,2016,"Crime,Documentary,History",8.3,32460
tt2358925,2015,"Comedy,Drama",5.4,32282
tt3504048,2014,"Comedy,Horror,Mystery",6.8,32216
tt4669986,2016,"Biography,Drama,Romance",7.0,32172
tt3698408,2014,"Comedy,Drama,Romance",7.4,32086
tt2281587,2014,"Adventure,Comedy,Crime",6.4,31990
tt4535650,2015,"Action,Comedy,Drama",5.1,31801
tt2326554,2014,"Drama,Horror,Romance",7.0,31773
tt4255304,2016,"Horror,Mystery,Sci-Fi",5.9,31692
tt2555736,2015,"Comedy,Drama,Romance",6.6,31657
tt3247714,2015,"Action,Crime,Thriller",5.6,31648
tt3735246,2015,"Action,Drama,History",7.2,31568
tt4934950,2015,"Crime,Drama,Mystery",8.2,31448
tt2088003,2014,"Action,Adventure",5.4,31393
tt2326612,2014,"Crime,Drama,Mystery",5.9,31275
tt3544082,2015,"Drama,Romance",7.1,31270
tt0458413,2014,"Comedy,Drama",6.4,31258
tt3253930,2014,"Action,Crime,Drama",7.3,31080
tt2891174,2014,Drama,7.1,31054
tt2398231,2014,"Drama,Western",6.6,30975
tt3179568,2014,"Comedy,Drama",6.7,30813
tt3813310,2015,"Crime,Thriller",6.3,30664
tt2101569,2014,"Fantasy,Romance",7.0,30290
tt3792960,2015,"Comedy,Fantasy",7.1,30234
tt1772288,2015,"Biography,Comedy,Drama",7.0,30149
tt3172532,2015,"Comedy,Drama,Romance",6.9,29972
tt2494280,2014,"Comedy,Crime",6.5,29807
tt1976000,2014,"Romance,Thriller",6.2,29791
tt4326444,2016,"Drama,Mystery,Romance",7.1,29276
tt3767372,2015,"Comedy,Drama",7.6,29187
tt3416744,2015,"Biography,Drama",7.3,28958
tt1598642,2015,"Drama,Sci-Fi,Thriller",6.0,28577
tt3760922,2016,"Comedy,Romance",6.0,28505
tt3606888,2016,"Biography,Drama,Family",7.4,28501
tt3276924,2015,"Action,Crime,Drama",6.1,28267
tt4229236,2015,"Animation,Biography,Documentary",7.5,28189
tt3289728,2015,"Drama,Romance,Sci-Fi",6.1,28096
tt2452254,2014,Drama,6.7,27836
tt3824458,2015,"Comedy,Crime,Drama",7.1,27830
tt3149038,2014,"Drama,Romance",7.1,27616
tt2056771,2015,"Drama,Music,Thriller",6.4,27607
tt4434004,2016,"Action,Crime,Drama",7.8,27380
tt1247690,2014,"Drama,History,Romance",5.4,27317
tt2652092,2014,"Biography,Drama",7.4,27214
tt4458206,2015,"Crime,Mystery",2.0,27197
tt4334266,2016,"Action,Horror,Mystery",5.3,27070
tt2238050,2014,"Drama,Mystery,Thriller",6.4,27042
tt1441953,2014,"Biography,Drama,History",7.3,26873
tt3461252,2014,"Drama,Horror,Mystery",8.1,26816
tt1821658,2014,"Adventure,Animation,Comedy",5.7,26807
tt3387648,2014,"Horror,Mystery,Thriller",6.0,26767
tt2339741,2014,"Drama,Horror,Thriller",4.8,26753
tt2980794,2014,"Crime,Drama,Romance",7.6,26688
tt2452200,2014,"Action,Crime,Drama",6.4,26650
tt3278330,2015,"Drama,Fantasy,Horror",6.4,26648
tt3722070,2015,"Biography,Comedy,Drama",6.7,26637
tt3672742,2015,"Action,Adventure,Comedy",6.7,26492
tt2140465,2015,"Comedy,Drama,Romance",7.6,26430
tt5929776,2016,"Documentary,News",8.3,26421
tt2139555,2014,"Comedy,Romance",6.0,26214
tt4196848,2016,"Comedy,Drama",7.7,26046
tt1929263,2014,"Biography,Drama,Family",5.8,25848
tt3369806,2015,"Adventure,Drama,Family",6.7,25834
tt2784678,2014,"Comedy,Romance",6.4,25825
tt0775440,2016,"Action,Adventure,Horror",4.4,25809
tt2872462,2015,"Comedy,Drama",6.7,25691
tt2556308,2014,"Action,Thriller",7.2,25651
tt3231054,2016,"Action,Drama,History",6.3,25438
tt1620935,2016,"Biography,Drama,Sport",6.8,25413
tt2473510,2015,"Horror,Mystery",4.6,25290
tt2785032,2014,"Comedy,Drama,Romance",7.1,25276
tt2101383,2015,"Drama,Romance",5.7,25163
tt1178665,2015,"Adventure,Biography,Comedy",6.4,25149
tt3395184,2014,"Horror,Romance,Sci-Fi",6.7,25058
tt2675914,2014,"Action,Crime,Drama",7.2,24977
tt1767372,2014,"Comedy,Drama",6.1,24689
tt3547740,2014,"Comedy,Drama,Music",7.3,24664
tt4273292,2016,"Drama,Fantasy,Horror",6.9,24586
tt2582502,2015,Drama,7.1,24532
tt3352390,2016,"Horror,Mystery,Thriller",5.3,24474
tt2473794,2014,"Biography,Drama,History",6.8,24457
tt2235108,2014,"Comedy,Drama,Romance",6.1,24449
tt3503406,2016,"Crime,Drama,Mystery",6.2,24392
tt3177316,2014,"Drama,Fantasy,Horror",5.7,24388
tt1198156,2014,Drama,7.3,24296
tt2372222,2014,"Action,Comedy,Crime",5.3,24192
tt4635372,2015,Drama,8.2,24062
tt2910274,2014,"Comedy,Drama,Romance",6.8,23955
tt0900387,2014,"Drama,Romance,Thriller",7.0,23882
tt3148502,2015,"Comedy,Drama,Romance",7.3,23863
tt4897822,2015,"Comedy,Documentary",7.5,23732
tt5165344,2016,"Crime,Drama,Thriller",7.1,23704
tt5078204,2016,"Comedy,Drama",7.4,23667
tt2372678,2014,"Comedy,Drama,Romance",6.9,23622
tt4900716,2016,"Comedy,Drama,Family",7.7,23520
tt2401807,2014,"Action,Crime,Thriller",5.0,23517
tt1798603,2016,"Comedy,Crime,Drama",5.6,23512
tt4262980,2016,"Action,Adventure,Drama",6.8,23421
tt5354160,2016,"Crime,Mystery,Thriller",9.1,23386
tt3704050,2015,"Drama,Mystery,Thriller",7.5,23364
tt3068194,2016,"Comedy,Drama,Romance",6.4,23345
tt2799166,2014,"Horror,Mystery,Thriller",4.6,23314
tt2490326,2014,"Action,Comedy,Horror",5.7,23310
tt2355495,2014,"Comedy,Drama,Romance",6.6,23263
tt1702014,2014,"Drama,Romance",7.9,23214
tt2832470,2014,"Action,Comedy,Fantasy",6.9,23020
tt2300975,2014,"Drama,Horror,Mystery",5.4,22981
tt2473602,2014,"Biography,Drama,Music",6.9,22875
tt1826590,2014,"Comedy,Romance",6.1,22851
tt2424988,2015,"Action,Crime,Drama",7.1,22769
tt3297330,2014,"Drama,Thriller,War",6.4,22703
tt3623726,2015,"Comedy,Drama,Music",5.9,22495
tt4257926,2016,"Biography,Drama,Family",7.1,22352
tt1810683,2015,"Drama,History,War",7.4,22206
tt1780798,2014,"Horror,Thriller",5.7,22186
tt2321405,2016,"Animation,Comedy,Drama",7.8,22176
tt2279339,2015,"Comedy,Fantasy,Romance",5.8,22151
tt2905838,2014,"Action,Adventure,Comedy",5.5,22095
tt3678782,2015,"Action,Crime,Drama",7.4,21933
tt2717860,2014,"Drama,Thriller",6.0,21809
tt1468846,2016,Comedy,5.3,21722
tt3302820,2014,Documentary,8.3,21692
tt5952332,2016,"Crime,Documentary",6.9,21692
tt2398249,2014,"Comedy,Romance",5.6,21536
tt3321300,2015,"Action,Drama,Thriller",6.2,21427
tt2393845,2014,"Action,Comedy,Crime",5.9,21400
tt2513074,2016,"Action,Drama,Sport",6.2,21283
tt4645368,2016,Drama,6.9,21270
tt4559006,2016,"Drama,Music,Musical",5.8,21238
tt2349144,2015,"Adventure,Comedy,Drama",6.4,21233
tt2515030,2014,"Crime,Drama,History",6.5,21229
tt1294970,2014,"Comedy,Drama",5.7,21214
tt4285496,2015,"Adventure,Biography,Drama",7.9,21203
tt4383594,2016,"Comedy,Drama,Family",5.3,21172
tt2639254,2014,"Drama,Romance",6.5,21155
tt5286444,2016,"Biography,Drama,Thriller",7.7,21097
tt2140037,2015,"Action,Drama,Western",5.9,20951
tt4181052,2016,Comedy,5.8,20944
tt4272866,2015,"Action,Adventure,Animation",7.7,20788
tt1018765,2015,"Comedy,Drama",6.1,20783
tt1542768,2016,"Action,Comedy,Crime",5.9,20706
tt3577624,2015,"Comedy,Drama,War",6.8,20687
tt1921149,2014,"Adventure,Crime,Drama",7.2,20667
tt3140100,2014,"Crime,Drama,Mystery",7.1,20617
tt3819668,2015,"Action,Adventure,Animation",7.3,20547
tt1995390,2016,"Crime,Drama,Thriller",6.2,20504
tt3963816,2016,"Action,Crime,Thriller",5.5,20455
tt4291600,2016,"Drama,Romance",6.8,20329
tt2725962,2014,"Comedy,Drama",6.9,20310
tt1731701,2015,"Action,Comedy",5.4,20191
tt4196450,2016,"Biography,Drama,History",6.4,20191
tt3447364,2015,"Action,Crime,Drama",7.6,20182
tt2261287,2016,"Adventure,Animation,Comedy",6.8,20154
tt3674140,2014,"Biography,Documentary,History",8.5,20132
tt5595168,2016,"Action,Adventure,Animation",6.8,20098
tt2131532,2015,"Horror,Sci-Fi,Thriller",6.4,20029
tt5804038,2016,"Documentary,History",7.9,20028
tt2581244,2014,"Comedy,Fantasy,Horror",5.6,20005
tt2828996,2014,"Comedy,Fantasy",4.7,19922
tt2239832,2014,"Comedy,Romance",5.8,19865
tt4667094,2016,Comedy,3.5,19853
tt2316801,2014,"Drama,Family,Fantasy",6.4,19811
tt2917388,2015,"Action,Crime,Drama",6.1,19716
tt2238032,2016,"Action,Adventure,Comedy",5.7,19445
tt4645330,2016,"Biography,Drama",6.7,19440
tt3286052,2015,"Horror,Mystery,Thriller",5.9,19402
tt2625810,2015,"Drama,Thriller",5.8,19392
tt2309260,2015,"Horror,Mystery,Thriller",4.3,19365
tt2235779,2014,"Horror,Mystery,Thriller",5.1,19312
tt2944198,2014,"Adventure,Drama,Horror",6.0,19224
tt3801314,2014,"Action,Drama",7.9,19181
tt4733640,2016,"Crime,Mystery,Thriller",6.3,19165
tt2302966,2015,"Action,Drama,Sci-Fi",7.4,19139
tt2486678,2014,"Comedy,Drama,Romance",7.1,19085
tt3859076,2015,"Biography,Drama,History",6.8,19036
tt2011159,2014,Thriller,5.6,19020
tt3707106,2015,"Drama,Romance",5.3,18942
tt2304953,2014,"Crime,Drama,Thriller",5.7,18922
tt2509850,2014,"Comedy,Romance",6.2,18908
tt3766394,2015,"Comedy,Drama,Romance",6.6,18899
tt4728338,2015,"Action,Comedy,Drama",5.7,18844
tt2095649,2014,"Biography,Drama,Romance",5.7,18734
tt3835080,2016,"Horror,Thriller",5.1,18708
tt2793490,2014,"Drama,Fantasy,Horror",6.0,18665
tt3137630,2016,"Comedy,Music",6.3,18653
tt3672840,2015,"Action,Drama,Fantasy",6.0,18617
tt4025514,2015,"Crime,Drama,Thriller",7.4,18607
tt2401097,2015,"Action,Crime,Drama",5.6,18591
tt1639084,2016,"Comedy,Drama,Romance",6.7,18523
tt1472584,2016,"Action,Adventure,Fantasy",4.6,18472
tt5221584,2016,Drama,7.5,18454
tt2183034,2014,"Adventure,Family,Sci-Fi",5.8,18359
tt3704700,2016,"Biography,Drama",6.6,18345
tt3210686,2014,"Biography,Drama,History",5.7,18335
tt2788716,2014,"Comedy,Drama",5.9,18288
tt3495030,2015,"Comedy,Drama,Romance",7.5,18204
tt1661275,2016,"Comedy,Drama,Romance",6.8,18180
tt2386404,2015,"Comedy,Drama,Fantasy",6.4,18142
tt1703957,2016,"Biography,Drama",6.6,18121
tt2652118,2016,"Action,Adventure,Drama",6.1,18068
tt2390237,2014,"Comedy,Romance,Sport",6.2,18010
tt3733774,2016,"Crime,Drama,Thriller",5.4,17971
tt4126304,2015,"Documentary,News",7.4,17852
tt2980472,2014,"Comedy,Drama",6.4,17851
tt3449292,2015,"Adventure,Biography,Drama",8.0,17849
tt2170667,2014,Drama,8.6,17832
tt5275892,2016,"Biography,Crime,Documentary",8.9,17780
tt1798243,2014,"Comedy,Drama,Music",7.5,17772
tt2965412,2014,"Comedy,Drama,Romance",6.8,17684
tt2245003,2015,"Comedy,Drama,Romance",6.8,17635
tt3595298,2015,"Action,Drama,Musical",4.4,17634
tt1085492,2014,"Action,Thriller",4.6,17626
tt4981966,2016,"Action,Sci-Fi,Thriller",7.8,17617
tt3726704,2015,"Biography,Drama,History",6.6,17577
tt0315642,2016,"Action,Crime,Drama",7.1,17476
tt4935372,2015,"Drama,Horror,Thriller",6.4,17431
tt1945084,2014,"Action,Thriller",5.1,17415
tt3520418,2015,"Horror,Mystery",5.7,17411
tt4679210,2015,"Comedy,Drama,Romance",8.3,17406
tt3576728,2015,"Action,Adventure,Animation",7.9,17398
tt4088268,2016,"Crime,Drama,Mystery",7.0,17381
tt3708886,2016,"Action,Comedy,Crime",5.8,17286
tt2366608,2014,"Drama,Fantasy,Mystery",5.8,17251
tt3702652,2016,Horror,5.3,17211
tt2965466,2014,"Horror,Mystery",5.8,17207
tt2974918,2015,"Adventure,Animation,Comedy",5.0,17146
tt4935334,2015,Horror,5.9,17032
tt2784512,2014,"Action,Comedy,Fantasy",4.8,16993
tt1188982,2014,"Action,Drama",5.1,16988
tt2764784,2014,"Drama,History,Music",7.3,16962
tt4987556,2015,"Action,Crime,Thriller",8.4,16944
tt1883180,2014,"Comedy,Drama,Fantasy",7.0,16931
tt2980706,2014,"Adventure,Animation,Comedy",6.0,16834
tt5278506,2016,"Crime,Documentary,Mystery",7.5,16824
tt4972062,2016,"Comedy,Drama",6.7,16819
tt0995868,2016,"Biography,Drama,Sport",7.2,16806
tt3668162,2014,"Comedy,Drama,Romance",8.3,16740
tt3175038,2014,"Action,Crime,Drama",6.5,16731
tt3721954,2016,"Biography,Drama,Romance",7.6,16622
tt3409392,2014,"Drama,War",7.1,16504
tt3083008,2015,"Biography,Drama,Sport",6.5,16495
tt1649443,2014,"Horror,Thriller",5.3,16489
tt2955316,2014,"Comedy,Romance",6.5,16383
tt2923316,2014,"Action,Crime,Drama",5.0,16368
tt2212008,2014,"Action,Crime,Drama",5.2,16367
tt3608930,2016,"Action,Western",6.0,16323
tt4382552,2015,Documentary,6.1,16194
tt3976144,2016,"Drama,Fantasy,Horror",5.4,16133
tt3733778,2015,"Horror,Thriller",5.2,16118
tt3467412,2015,"Drama,Horror,Sci-Fi",5.9,16100
tt3471098,2015,"Comedy,Drama,Romance",6.2,16096
tt2752758,2014,"Horror,Mystery",4.1,16073
tt2262315,2016,"Crime,Drama,Horror",6.3,16070
tt3844362,2015,"Comedy,Mystery",6.1,16065
tt3705412,2015,"Action,Comedy,Horror",6.3,16025
tt2580382,2015,"Drama,Sci-Fi,Thriller",6.4,15993
tt1183374,2016,"Horror,Thriller",5.7,15969
tt4341582,2016,"Biography,Drama,Sport",7.4,15842
tt3707104,2016,"Drama,Fantasy,Thriller",5.9,15817
tt3508840,2015,"Action,Drama,History",6.3,15805
tt3268458,2014,"Biography,Crime,Documentary",8.0,15787
tt2535470,2014,"Action,Comedy,Horror",6.2,15744
tt1361318,2014,"Action,Crime,Thriller",5.5,15697
tt3480796,2015,"Action,Sci-Fi,Thriller",4.2,15569
tt3125324,2014,"Drama,Music,Romance",6.9,15563
tt5195412,2016,Drama,6.3,15537
tt3095734,2016,"Action,Adventure,Animation",5.7,15522
tt2474976,2015,"Fantasy,Horror,Thriller",5.7,15517
tt3477064,2014,Comedy,3.7,15492
tt0376479,2016,"Crime,Drama",6.1,15463
tt2247476,2014,"Biography,Drama,Family",6.7,15431
tt2844798,2014,"Drama,Thriller",6.9,15363
tt1969062,2014,"Comedy,Drama,Romance",7.0,15270
tt2545428,2015,"Documentary,Sport",7.7,15244
tt1781827,2016,"Biography,Drama,Sport",6.6,15227
tt4110568,2015,"Comedy,Drama,Romance",6.9,15222
tt3399024,2014,"Comedy,Drama,Romance",6.7,15209
tt2126235,2016,"Action,Crime,Thriller",5.7,15187
tt3704538,2014,"Horror,Thriller",4.2,15150
tt4195278,2015,"Comedy,Fantasy,Romance",7.5,15138
tt4009460,2014,"Comedy,Family",1.4,15123
tt3658772,2016,"Crime,Drama,Mystery",5.3,15113
tt1975159,2014,"Drama,Family,Horror",4.8,15040
tt2967006,2014,"Comedy,Drama",6.6,15025
tt2679552,2016,"Crime,Drama,Mystery",5.5,14984
tt1883367,2015,"Comedy,Horror",2.7,14964
tt4805316,2016,"Drama,Fantasy,Horror",6.2,14961
tt3774466,2015,"Comedy,Crime,Drama",6.4,14925
tt1878841,2016,"Horror,Thriller",4.5,14916
tt2382298,2014,"Biography,Documentary",7.8,14908
tt5912454,2016,"Drama,Romance",7.3,14905
tt3748440,2016,"Comedy,Sport",5.8,14850
tt2124787,2015,"Horror,Thriller",4.7,14840
tt2960930,2014,"Action,Horror,Mystery",5.0,14768
tt3387266,2016,"Biography,Drama,History",6.9,14741
tt4270516,2015,"Comedy,Drama",6.7,14733
tt3181776,2015,"Action,Crime,Thriller",5.5,14702
tt4082068,2015,"Crime,Drama",7.2,14573
tt4281724,2016,"Horror,Thriller",5.6,14537
tt2802136,2015,"Comedy,Crime,Thriller",5.5,14450
tt3628584,2016,"Comedy,Drama",5.9,14410
tt1524575,2015,"Horror,Thriller",4.8,14384
tt3810760,2015,Documentary,6.7,14355
tt1609479,2014,"Comedy,Drama",6.3,14302
tt2962876,2014,"Adventure,Comedy,Drama",7.1,14271
tt5065822,2015,"Biography,Documentary,Sport",6.4,14271
tt1712192,2016,"Action,Crime,Drama",6.4,14265
tt5440700,2016,"Action,Drama,Thriller",7.1,14252
tt3450900,2015,"Drama,Fantasy,Mystery",6.1,14090
tt3327624,2015,"Horror,Sci-Fi,Thriller",5.4,14062
tt4430136,2015,"Comedy,Drama,Romance",7.3,14054
tt4019560,2016,"Crime,Drama,Mystery",4.3,13992
tt4359416,2015,"Comedy,Drama",7.3,13986
tt1725986,2014,"Comedy,Romance",5.7,13935
tt3479316,2015,"Action,Sci-Fi",6.1,13868
tt5029608,2016,"Drama,History,Romance",7.5,13867
tt1841642,2015,"Horror,Mystery,Thriller",5.3,13852
tt3212232,2016,"Action,Thriller",5.4,13791
tt4666726,2016,"Biography,Drama",6.9,13775
tt4303340,2016,"Drama,Horror,Thriller",6.2,13703
tt2409818,2014,"Crime,Mystery,Thriller",5.2,13681
tt1901024,2016,"Crime,Drama,Thriller",4.7,13664
tt1564777,2016,"Drama,Fantasy,Romance",5.4,13624
tt3832914,2015,Drama,6.5,13623
tt3173910,2014,"Comedy,Romance",6.8,13612
tt3775086,2015,"Action,Drama,Sci-Fi",7.0,13565
tt2561546,2014,"Horror,Mystery,Thriller",5.6,13556
tt3991412,2016,Thriller,6.3,13555
tt4503598,2015,"Horror,Mystery,Thriller",5.4,13518
tt2517658,2014,"Horror,Mystery,Thriller",5.9,13416
tt3742378,2015,"Comedy,Drama",7.8,13408
tt5713232,2016,"Adventure,Drama,Thriller",7.6,13365
tt3908142,2016,"Comedy,Horror,Romance",6.2,13338
tt1519461,2015,"Horror,Mystery,Sci-Fi",4.2,13315
tt3014666,2014,Comedy,5.4,13310
tt2667380,2016,"Action,Horror,Sci-Fi",5.7,13307
tt4420704,2016,Documentary,7.7,13253
tt5147214,2016,"Action,Drama,Thriller",6.3,13247
tt5059406,2016,"Drama,Horror,Mystery",4.6,13219
tt2093991,2016,"Comedy,History",6.4,13207
tt3296658,2015,"Comedy,Drama",7.3,13098
tt5662932,2016,"Crime,Drama,Thriller",7.4,13080
tt4908644,2015,Documentary,8.4,13041
tt3138104,2014,Comedy,3.6,13014
tt3610746,2016,"Horror,Thriller",5.6,12963
tt2465146,2014,"Comedy,Drama,Romance",5.8,12941
tt3203290,2014,"Action,Documentary",7.9,12927
tt3622110,2016,"Drama,Fantasy,Horror",5.1,12877
tt2582500,2016,"Drama,Horror,Mystery",4.8,12847
tt5923962,2016,"Action,Animation,Drama",7.1,12804
tt6380520,2016,"Action,Crime,Mystery",8.3,12745
tt3756788,2015,"Drama,Family",7.5,12719
tt4192740,2015,"Comedy,Drama",7.4,12701
tt4284010,2015,"Biography,Documentary,Music",7.6,12634
tt1552224,2014,"Action,Adventure,Drama",4.6,12541
tt4432480,2015,"Mystery,Thriller",8.3,12540
tt2072230,2015,"Action,Adventure,Drama",5.0,12536
tt3646462,2014,"Action,Crime,Drama",7.8,12481
tt3838992,2016,"Action,Comedy,Fantasy",4.3,12477
tt5133308,2016,"Crime,Drama,Thriller",7.1,12463
tt4120176,2016,Drama,7.0,12461
tt3759416,2014,"Adventure,Animation,Comedy",6.9,12442
tt4936450,2016,"Crime,Drama",7.3,12423
tt5229228,2016,"Comedy,Drama",7.4,12414
tt4411504,2015,"Biography,Crime,Drama",7.0,12368
tt3825638,2014,"Drama,History",7.3,12294
tt4468634,2016,Drama,6.4,12262
tt2948790,2015,"Drama,Thriller",5.1,12228
tt3560686,2014,"Crime,Drama,Thriller",8.0,12211
tt3742284,2015,"Action,Crime,Drama",7.2,12204
tt3622120,2014,"Adventure,Biography,Drama",7.1,12201
tt2639344,2014,"Drama,Romance",6.7,12188
tt2459156,2014,"Adventure,Drama,Romance",7.1,12170
tt5111874,2015,Documentary,6.7,12141
tt3029558,2014,"Action,Adventure,Drama",7.6,12120
tt2415458,2015,"Biography,Documentary",7.0,12106
tt2570858,2014,"Drama,Romance",6.5,12106
tt2650978,2014,"Action,Drama,Western",7.1,12082
tt2393827,2015,"Action,Fantasy,Horror",5.4,12079
tt3793788,2015,"Comedy,Drama,Romance",6.0,12055
tt2217859,2015,Drama,6.6,12053
tt4530884,2015,"Horror,Thriller",5.2,12048
tt2376218,2014,"Crime,Drama,Thriller",5.8,12028
tt5275828,2016,Documentary,7.0,12015
tt3754940,2015,"Comedy,Drama",7.3,12006
tt2883434,2014,Drama,6.6,12000
tt3521134,2014,"Biography,Documentary,History",8.3,11971
tt3216348,2016,"Horror,Thriller",5.3,11955
tt4163020,2015,"Adventure,Comedy,Fantasy",5.5,11955
tt3100274,2016,"Crime,Drama,Mystery",6.2,11913
tt2112096,2016,"Comedy,Crime",5.4,11870
tt4009278,2015,"Drama,Horror,Thriller",5.7,11869
tt3729920,2014,"Drama,Romance",6.3,11821
tt1658801,2015,"Biography,Drama,Romance",6.6,11813
tt3702996,2015,Comedy,6.0,11811
tt4814290,2016,"Drama,Mystery,Thriller",7.3,11786
tt2064968,2014,"Comedy,Drama,Romance",5.4,11779
tt3802576,2015,"Action,Drama,Sport",6.5,11773
tt2282016,2014,Horror,5.7,11768
tt4501454,2015,"Comedy,Drama,Romance",6.3,11761
tt3799372,2015,"Drama,Romance",5.6,11755
tt3714720,2016,"Comedy,Drama,Romance",6.6,11751
tt2091478,2015,"Drama,Sci-Fi,Thriller",5.1,11747
tt3495000,2014,"Action,Crime,Drama",7.3,11726
tt2505294,2014,Drama,6.0,11722
tt4714568,2016,"Adventure,Comedy,Crime",7.1,11709
tt3717532,2014,"Action,Adventure,Animation",7.6,11704
tt2784936,2015,"Drama,Fantasy,Mystery",6.0,11682
tt3697626,2014,"Action,Crime,Thriller",7.2,11642
tt2032572,2016,"Action,Drama,History",5.3,11620
tt5071886,2016,"Action,Crime,Drama",6.2,11605
tt4193394,2016,"Drama,Romance",6.7,11552
tt2381335,2014,Documentary,7.7,11551
tt4824308,2016,Drama,4.4,11543
tt2531318,2016,"Documentary,Music",7.8,11539
tt2101570,2014,"Action,Crime,Thriller",5.7,11533
tt3263614,2014,Drama,6.6,11516
tt5225338,2016,"Drama,Horror,Thriller",6.2,11509
tt5016946,2016,"Comedy,Drama,Sport",7.1,11507
tt5312232,2016,"Drama,Romance",8.3,11483
tt4799064,2016,"Comedy,Thriller",6.3,11473
tt3678938,2014,"Comedy,Drama,Romance",6.0,11438
tt5310090,2016,"Action,Drama,Sport",7.6,11436
tt4721124,2016,"Drama,Romance,War",6.8,11426
tt1661820,2014,"Crime,Drama,Thriller",6.1,11398
tt2707858,2014,"Biography,Drama",6.3,11332
tt3478962,2015,"Drama,Romance",7.1,11316
tt4727512,2015,"Action,Drama",7.5,11235
tt4107858,2015,"Action,Comedy,Drama",5.9,11172
tt1817771,2015,"Comedy,Horror,Sci-Fi",5.9,11160
tt3253624,2015,"Crime,Documentary",7.4,11137
tt5867800,2016,Drama,8.5,11134
tt3671542,2015,"Biography,Drama,Romance",7.4,11068
tt3164256,2015,"Comedy,Music,War",5.5,11012
tt4486986,2016,Drama,5.4,10994
tt2920540,2014,"Documentary,Drama,Music",7.5,10987
tt3877674,2015,"Comedy,Drama,Mystery",6.7,10883
tt3202202,2015,"Drama,Romance",7.4,10856
tt2920808,2014,"Crime,Drama",6.1,10851
tt1718924,2016,Drama,6.5,10843
tt3138782,2015,"Comedy,Drama,Romance",7.6,10819
tt4084744,2015,"Biography,Drama,Romance",7.1,10811
tt5700224,2016,Comedy,7.7,10795
tt2481480,2014,"Biography,Crime,Drama",6.3,10748
tt4771896,2016,"Action,Crime,Drama",6.8,10718
tt5460658,2016,Drama,8.2,10715
tt6206564,2016,"Drama,Thriller",7.6,10690
tt3233418,2015,"Biography,Drama,History",7.3,10680
tt3859980,2016,"Action,Adventure,Drama",5.7,10668
tt5073620,2016,"Drama,Romance",5.5,10643
tt2180994,2014,"Crime,Drama,Thriller",5.2,10624
tt2271563,2015,"Action,Drama,Western",6.3,10617
tt3082898,2016,"Action,Crime,Drama",4.9,10610
tt2690138,2015,"Comedy,Drama",5.0,10580
tt3289712,2015,"Comedy,Drama,Romance",5.5,10569
tt3896738,2016,"Crime,Drama,Thriller",6.5,10551
tt3541262,2014,"Action,Drama,History",7.1,10498
tt3455224,2014,"Documentary,War",8.2,10497
tt4419364,2016,"Fantasy,Horror,Mystery",5.1,10488
tt3686998,2016,Documentary,8.2,10467
tt1837636,2015,"Adventure,Biography,Drama",5.7,10457
tt5213534,2016,"Biography,Documentary,Music",7.9,10449
tt4382872,2015,"Action,Thriller",4.1,10400
tt1745787,2014,"Crime,Drama",7.0,10378
tt3569782,2014,"Action,Crime,Drama",8.3,10312
tt2752688,2014,"Biography,Drama",6.6,10304
tt4191054,2015,"Adventure,Animation,Comedy",5.8,10290
tt2049543,2015,"Drama,Mystery,Romance",5.5,10250
tt3170902,2014,"Adventure,Drama,Thriller",7.2,10244
tt4267026,2015,"Horror,Mystery",6.4,10229
tt4562518,2016,"Comedy,Drama",7.5,10196
tt3774790,2015,"Mystery,Sci-Fi,Thriller",4.4,10184
tt2952602,2014,"Action,Crime,Thriller",6.5,10166
tt1935302,2014,"Action,Drama,Horror",4.3,10128
tt2678948,2014,"Action,Drama",6.0,10112
tt2436682,2016,"Drama,Western",5.8,10088
tt2954474,2015,"Drama,Horror,Mystery",5.4,10074
tt4158876,2016,"Comedy,Drama",6.8,10068
tt5255710,2016,"Drama,Musical,Romance",7.4,10049
tt2926068,2014,"Comedy,Drama,Fantasy",8.0,10042
tt3859304,2015,"Comedy,Drama,Sport",6.1,10036
tt5555502,2016,"Biography,Comedy,Drama",7.0,10016
tt3862750,2015,Thriller,5.6,10007
tt5290524,2016,Comedy,6.6,10005
